Workbook

Sheet Scorecard
A1: NetWiz Systems | P2 - Scorecard de maturidade digital
A2: Pontuação 0-100 por empresa sobre a base P1 (167 leads). Colunas E-J (azul) = notas por critério (0-100). Pontuação = notas x pesos (folha 'Metodologia P2'). Pontuação baixa = maturidade baixa = maior prioridade. A 'Prioridade (maturidade)' da P2 é distinta da 'Prioridade' da P1 (abordagem) - ver Metodologia, ponto 5.
A3: N.º | B3: País | C3: Empresa / Entidade | D3: Setor | E3: Website | F3: E-commerce | G3: Redes sociais | H3: SEO / veloc. | I3: Google | J3: Formulário / CTA | K3: Pontuação (0-100) | L3: Nível de maturidade | M3: Bloqueio principal | N3: Serviço recomendado | O3: Prioridade (maturidade)
A4: 1 | B4: Portugal | C4: EPET - Escola Profissional de Estudos Técnicos | D4: Educação, ensino profissional e formação | E4: 70 | F4: 50 | G4: 60 | H4: 55 | I4: 60 | J4: 60 | K4: =ROUND(E4*'Metodologia P2'!$C$6+F4*'Metodologia P2'!$C$7+G4*'Metodologia P2'!$C$8+H4*'Metodologia P2'!$C$9+I4*'Metodologia P2'!$C$10+J4*'Metodologia P2'!$C$11,0) -> 60 | L4: =IF(K4<='Metodologia P2'!$C$16,"Baixa",IF(K4<='Metodologia P2'!$C$17,"Média","Alta")) -> Média | M4: Conversão | N4: Website + Comunicação digital | O4: =IF(K4<='Metodologia P2'!$C$16,"Alta",IF(K4<='Metodologia P2'!$C$17,"Média","Baixa")) -> Média
A5: 2 | B5: Portugal | C5: Escola do Saber | D5: Educação, ensino profissional e formação | E5: 40 | F5: 50 | G5: 60 | H5: 35 | I5: 60 | J5: 45 | K5: =ROUND(E5*'Metodologia P2'!$C$6+F5*'Metodologia P2'!$C$7+G5*'Metodologia P2'!$C$8+H5*'Metodologia P2'!$C$9+I5*'Metodologia P2'!$C$10+J5*'Metodologia P2'!$C$11,0) -> 48 | L5: =IF(K5<='Metodologia P2'!$C$16,"Baixa",IF(K5<='Metodologia P2'!$C$17,"Média","Alta")) -> Média | M5: Conversão | N5: Website + Comunicação digital | O5: =IF(K5<='Metodologia P2'!$C$16,"Alta",IF(K5<='Metodologia P2'!$C$17,"Média","Baixa")) -> Média
A6: 3 | B6: Portugal | C6: EPDRG - Escola Profissional de Desenvolvimento Rural de Grândola | D6: Educação, ensino profissional e formação | E6: 70 | F6: 50 | G6: 35 | H6: 55 | I6: 60 | J6: 45 | K6: =ROUND(E6*'Metodologia P2'!$C$6+F6*'Metodologia P2'!$C$7+G6*'Metodologia P2'!$C$8+H6*'Metodologia P2'!$C$9+I6*'Metodologia P2'!$C$10+J6*'Metodologia P2'!$C$11,0) -> 54 | L6: =IF(K6<='Metodologia P2'!$C$16,"Baixa",IF(K6<='Metodologia P2'!$C$17,"Média","Alta")) -> Média | M6: Operacional | N6: Automação + LeadDesk | O6: =IF(K6<='Metodologia P2'!$C$16,"Alta",IF(K6<='Metodologia P2'!$C$17,"Média","Baixa")) -> Média
A7: 4 | B7: Portugal | C7: FEPS - Fundação Escola Profissional de Setúbal | D7: Educação, ensino profissional e formação | E7: 70 | F7: 50 | G7: 60 | H7: 55 | I7: 60 | J7: 45 | K7: =ROUND(E7*'Metodologia P2'!$C$6+F7*'Metodologia P2'!$C$7+G7*'Metodologia P2'!$C$8+H7*'Metodologia P2'!$C$9+I7*'Metodologia P2'!$C$10+J7*'Metodologia P2'!$C$11,0) -> 58 | L7: =IF(K7<='Metodologia P2'!$C$16,"Baixa",IF(K7<='Metodologia P2'!$C$17,"Média","Alta")) -> Média | M7: Conversão | N7: Website + Comunicação digital | O7: =IF(K7<='Metodologia P2'!$C$16,"Alta",IF(K7<='Metodologia P2'!$C$17,"Média","Baixa")) -> Média
A8: 5 | B8: Portugal | C8: CENFIC / CICCOPN - Academia Lisboa | D8: Educação, ensino profissional e formação | E8: 70 | F8: 50 | G8: 60 | H8: 55 | I8: 60 | J8: 45 | K8: =ROUND(E8*'Metodologia P2'!$C$6+F8*'Metodologia P2'!$C$7+G8*'Metodologia P2'!$C$8+H8*'Metodologia P2'!$C$9+I8*'Metodologia P2'!$C$10+J8*'Metodologia P2'!$C$11,0) -> 58 | L8: =IF(K8<='Metodologia P2'!$C$16,"Baixa",IF(K8<='Metodologia P2'!$C$17,"Média","Alta")) -> Média | M8: Conversão | N8: Website + Comunicação digital | O8: =IF(K8<='Metodologia P2'!$C$16,"Alta",IF(K8<='Metodologia P2'!$C$17,"Média","Baixa")) -> Média
A9: 6 | B9: Portugal | C9: CEAC Corporate - Formação Online | D9: Educação, ensino profissional e formação | E9: 60 | F9: 50 | G9: 40 | H9: 55 | I9: 40 | J9: 45 | K9: =ROUND(E9*'Metodologia P2'!$C$6+F9*'Metodologia P2'!$C$7+G9*'Metodologia P2'!$C$8+H9*'Metodologia P2'!$C$9+I9*'Metodologia P2'!$C$10+J9*'Metodologia P2'!$C$11,0) -> 50 | L9: =IF(K9<='Metodologia P2'!$C$16,"Baixa",IF(K9<='Metodologia P2'!$C$17,"Média","Alta")) -> Média | M9: Conversão | N9: Website + Comunicação digital | O9: =IF(K9<='Metodologia P2'!$C$16,"Alta",IF(K9<='Metodologia P2'!$C$17,"Média","Baixa")) -> Média
A10: 7 | B10: Portugal | C10: Escola Profissional de Torres Vedras | D10: Educação, ensino profissional e formação | E10: 20 | F10: 50 | G10: 25 | H10: 20 | I10: 40 | J10: 20 | K10: =ROUND(E10*'Metodologia P2'!$C$6+F10*'Metodologia P2'!$C$7+G10*'Metodologia P2'!$C$8+H10*'Metodologia P2'!$C$9+I10*'Metodologia P2'!$C$10+J10*'Metodologia P2'!$C$11,0) -> 28 | L10: =IF(K10<='Metodologia P2'!$C$16,"Baixa",IF(K10<='Metodologia P2'!$C$17,"Média","Alta")) -> Baixa | M10: Sem presença | N10: Website + Marketing digital | O10: =IF(K10<='Metodologia P2'!$C$16,"Alta",IF(K10<='Metodologia P2'!$C$17,"Média","Baixa")) -> Alta
A11: 8 | B11: Portugal | C11: Escola Profissional de Braga (EPB) | D11: Educação, ensino profissional e formação | E11: 70 | F11: 50 | G11: 60 | H11: 55 | I11: 60 | J11: 60 | K11: =ROUND(E11*'Metodologia P2'!$C$6+F11*'Metodologia P2'!$C$7+G11*'Metodologia P2'!$C$8+H11*'Metodologia P2'!$C$9+I11*'Metodologia P2'!$C$10+J11*'Metodologia P2'!$C$11,0) -> 60 | L11: =IF(K11<='Metodologia P2'!$C$16,"Baixa",IF(K11<='Metodologia P2'!$C$17,"Média","Alta")) -> Média | M11: Conversão | N11: Website + Comunicação digital | O11: =IF(K11<='Metodologia P2'!$C$16,"Alta",IF(K11<='Metodologia P2'!$C$17,"Média","Baixa")) -> Média
A12: 9 | B12: Portugal | C12: Insignare - EPO Escola Profissional de Ourém | D12: Educação, ensino profissional e formação | E12: 60 | F12: 50 | G12: 60 | H12: 55 | I12: 60 | J12: 45 | K12: =ROUND(E12*'Metodologia P2'!$C$6+F12*'Metodologia P2'!$C$7+G12*'Metodologia P2'!$C$8+H12*'Metodologia P2'!$C$9+I12*'Metodologia P2'!$C$10+J12*'Metodologia P2'!$C$11,0) -> 56 | L12: =IF(K12<='Metodologia P2'!$C$16,"Baixa",IF(K12<='Metodologia P2'!$C$17,"Média","Alta")) -> Média | M12: Conversão | N12: Website + Comunicação digital | O12: =IF(K12<='Metodologia P2'!$C$16,"Alta",IF(K12<='Metodologia P2'!$C$17,"Média","Baixa")) -> Média
A13: 10 | B13: Portugal | C13: EPRAL - Escola Profissional da Região Alentejo | D13: Educação, ensino profissional e formação | E13: 70 | F13: 50 | G13: 60 | H13: 55 | I13: 60 | J13: 45 | K13: =ROUND(E13*'Metodologia P2'!$C$6+F13*'Metodologia P2'!$C$7+G13*'Metodologia P2'!$C$8+H13*'Metodologia P2'!$C$9+I13*'Metodologia P2'!$C$10+J13*'Metodologia P2'!$C$11,0) -> 58 | L13: =IF(K13<='Metodologia P2'!$C$16,"Baixa",IF(K13<='Metodologia P2'!$C$17,"Média","Alta")) -> Média | M13: Conversão | N13: Website + Comunicação digital | O13: =IF(K13<='Metodologia P2'!$C$16,"Alta",IF(K13<='Metodologia P2'!$C$17,"Média","Baixa")) -> Média
A14: 11 | B14: Portugal | C14: Escola Profissional Bento de Jesus Caraca | D14: Educação, ensino profissional e formação | E14: 60 | F14: 50 | G14: 60 | H14: 55 | I14: 60 | J14: 45 | K14: =ROUND(E14*'Metodologia P2'!$C$6+F14*'Metodologia P2'!$C$7+G14*'Metodologia P2'!$C$8+H14*'Metodologia P2'!$C$9+I14*'Metodologia P2'!$C$10+J14*'Metodologia P2'!$C$11,0) -> 56 | L14: =IF(K14<='Metodologia P2'!$C$16,"Baixa",IF(K14<='Metodologia P2'!$C$17,"Média","Alta")) -> Média | M14: Processos dispersos | N14: Software à medida + CRM | O14: =IF(K14<='Metodologia P2'!$C$16,"Alta",IF(K14<='Metodologia P2'!$C$17,"Média","Baixa")) -> Média
A15: 12 | B15: Portugal | C15: Escola Profissional de Salvaterra de Magos | D15: Educação, ensino profissional e formação | E15: 60 | F15: 50 | G15: 60 | H15: 55 | I15: 60 | J15: 20 | K15: =ROUND(E15*'Metodologia P2'!$C$6+F15*'Metodologia P2'!$C$7+G15*'Metodologia P2'!$C$8+H15*'Metodologia P2'!$C$9+I15*'Metodologia P2'!$C$10+J15*'Metodologia P2'!$C$11,0) -> 52 | L15: =IF(K15<='Metodologia P2'!$C$16,"Baixa",IF(K15<='Metodologia P2'!$C$17,"Média","Alta")) -> Média | M15: Processos dispersos | N15: Software à medida + CRM | O15: =IF(K15<='Metodologia P2'!$C$16,"Alta",IF(K15<='Metodologia P2'!$C$17,"Média","Baixa")) -> Média
... A169: 166 | B169: Espanha | C169: Fundación Maimona | D169: Economia social, artesanato, cultura e desenvolvimento regional | E169: 40 | F169: 20 | G169: 60 | H169: 35 | I169: 40 | J169: 20 | K169: =ROUND(E169*'Metodologia P2'!$C$6+F169*'Metodologia P2'!$C$7+G169*'Metodologia P2'!$C$8+H169*'Metodologia P2'!$C$9+I169*'Metodologia P2'!$C$10+J169*'Metodologia P2'!$C$11,0) -> 36 | L169: =IF(K169<='Metodologia P2'!$C$16,"Baixa",IF(K169<='Metodologia P2'!$C$17,"Média","Alta")) -> Baixa | M169: Operacional | N169: Automação + LeadDesk | O169: =IF(K169<='Metodologia P2'!$C$16,"Alta",IF(K169<='Metodologia P2'!$C$17,"Média","Baixa")) -> Alta

Sheet Resumo
A1: P2 - Resumo por setor
A3: Setor | B3: Empresas | C3: Pontuação média | D3: Prioridade Alta | E3: Prioridade Média/Baixa
A4: Educação, ensino profissional e formação | B4: =COUNTIF(Scorecard!$D:$D,A4) -> 22 | C4: =ROUND(AVERAGEIF(Scorecard!$D:$D,A4,Scorecard!$K:$K),0) -> 53 | D4: =COUNTIFS(Scorecard!$D:$D,A4,Scorecard!$O:$O,"Alta") -> 3 | E4: =COUNTIF(Scorecard!$D:$D,A4)-D4 -> 19
A5: Associações empresariais e câmaras de comércio | B5: =COUNTIF(Scorecard!$D:$D,A5) -> 21 | C5: =ROUND(AVERAGEIF(Scorecard!$D:$D,A5,Scorecard!$K:$K),0) -> 51 | D5: =COUNTIFS(Scorecard!$D:$D,A5,Scorecard!$O:$O,"Alta") -> 6 | E5: =COUNTIF(Scorecard!$D:$D,A5)-D5 -> 15
A6: Mercados municipais e comércio local organizado | B6: =COUNTIF(Scorecard!$D:$D,A6) -> 19 | C6: =ROUND(AVERAGEIF(Scorecard!$D:$D,A6,Scorecard!$K:$K),0) -> 38 | D6: =COUNTIFS(Scorecard!$D:$D,A6,Scorecard!$O:$O,"Alta") -> 12 | E6: =COUNTIF(Scorecard!$D:$D,A6)-D6 -> 7
A7: Organismos públicos de emprego e centros públicos de formação | B7: =COUNTIF(Scorecard!$D:$D,A7) -> 18 | C7: =ROUND(AVERAGEIF(Scorecard!$D:$D,A7,Scorecard!$K:$K),0) -> 47 | D7: =COUNTIFS(Scorecard!$D:$D,A7,Scorecard!$O:$O,"Alta") -> 4 | E7: =COUNTIF(Scorecard!$D:$D,A7)-D7 -> 14
A8: Educação e formação profissional aplicada (hotelaria, turismo, artes) | B8: =COUNTIF(Scorecard!$D:$D,A8) -> 22 | C8: =ROUND(AVERAGEIF(Scorecard!$D:$D,A8,Scorecard!$K:$K),0) -> 47 | D8: =COUNTIFS(Scorecard!$D:$D,A8,Scorecard!$O:$O,"Alta") -> 7 | E8: =COUNTIF(Scorecard!$D:$D,A8)-D8 -> 15
A9: Associações empresariais, câmaras e associações de comerciantes | B9: =COUNTIF(Scorecard!$D:$D,A9) -> 28 | C9: =ROUND(AVERAGEIF(Scorecard!$D:$D,A9,Scorecard!$K:$K),0) -> 48 | D9: =COUNTIFS(Scorecard!$D:$D,A9,Scorecard!$O:$O,"Alta") -> 8 | E9: =COUNTIF(Scorecard!$D:$D,A9)-D9 -> 20
A10: Mercados municipais e centrais de abastecimento | B10: =COUNTIF(Scorecard!$D:$D,A10) -> 19 | C10: =ROUND(AVERAGEIF(Scorecard!$D:$D,A10,Scorecard!$K:$K),0) -> 40 | D10: =COUNTIFS(Scorecard!$D:$D,A10,Scorecard!$O:$O,"Alta") -> 17 | E10: =COUNTIF(Scorecard!$D:$D,A10)-D10 -> 2
A11: Economia social, artesanato, cultura e desenvolvimento regional | B11: =COUNTIF(Scorecard!$D:$D,A11) -> 17 | C11: =ROUND(AVERAGEIF(Scorecard!$D:$D,A11,Scorecard!$K:$K),0) -> 39 | D11: =COUNTIFS(Scorecard!$D:$D,A11,Scorecard!$O:$O,"Alta") -> 13 | E11: =COUNTIF(Scorecard!$D:$D,A11)-D11 -> 4
A12: TOTAL / MÉDIA | B12: =SUM(B4:B11) -> 166 | C12: =ROUND(AVERAGE(Scorecard!$K$4:$K$169),0) -> 46 | D12: =SUM(D4:D11) -> 70 | E12: =SUM(E4:E11) -> 96

Sheet Metodologia P2
A1: P2 - Nota metodológica do scorecard
A2: Como se calcula a pontuação de maturidade digital e como se deriva o bloqueio, o serviço e a prioridade.
A4: 1. Critérios e pesos
A5: Critério | B5: O que avalia | C5: Peso
A6: Website (existência e estado) | B6: Tem site próprio? Está atual e funcional? | C6: 0.25
A7: E-commerce / loja online | B7: Vende online quando faria sentido? | C7: 0.15
A8: Atividade em redes sociais | B8: Presença e atividade nas redes / LinkedIn. | C8: 0.15
A9: SEO / velocidade básica | B9: Otimização e desempenho básicos (estimado). | C9: 0.15
A10: Presença no Google | B10: Google Business / Maps (estimado). | C10: 0.15
A11: Formulário / CTA | B11: Capta contactos (formulário, candidatura, CTA)? | C11: 0.15
A12: Total | C12: =SUM(C6:C11) -> 1
A14: 2. Pontuação e prioridade
A15: Pontuação (0-100) | B15: Soma das 6 notas (cada 0-100) ponderadas pelos pesos acima.
A16: Limiar prioridade Alta | B16: Pontuação menor ou igual a: | C16: 45
A17: Limiar prioridade Média | B17: Pontuação menor ou igual a: | C17: 65
A18: Leitura | B18: Pontuação baixa = maturidade digital baixa = maior prioridade comercial. Limiares calibrados para esta base (pré-selecionada por baixa maturidade, ~23-56 pontos), para alinhar a P2 com a P1.
A20: 3. Bloqueio principal -> Serviço recomendado (mapeamento)
A21: Bloqueio principal | B21: Serviço NetWiz recomendado
A22: Conversão (site fraco/desatualizado, sem CTA) | B22: Website + Comunicação digital
A23: Operacional (processos manuais, marcações, triagem) | B23: Automação + LeadDesk
A24: Sem presença (sem site/domínio próprio, sem redes) | B24: Website + Marketing digital
A25: Processos dispersos (multi-polo, bases offline, sem CRM) | B25: Software à medida + CRM
A27: 4. Notas
A28: • Fonte: base P1 (167 empresas), apenas dados públicos. Pontuação e notas por critério são INFERIDAS dos sinais recolhidos na P1 (site, redes, loja, formulário), não medições diretas.
A29: • SEO/velocidade e presença no Google são estimativas (não medidas por ferramenta); a validar caso a caso antes da abordagem.
A30: • Pesos e limiares são parâmetros ajustáveis (células a amarelo): alterá-los recalcula automaticamente pontuações e prioridades.
A31: • Bloqueio principal e serviço recomendado seguem o mapeamento do ponto 3, aplicado aos sinais de cada empresa.
A32: • RGPD: dados de empresa/organização, base de interesse legítimo para prospeção B2B; origem e data (jul/2026) registadas na P1.
A33: • Seguimento: alimenta a lógica de recomendação da ferramenta NeuroDigital (Tarefa J2) e orienta a seleção de alvos comerciais.
A35: 5. Relação entre a P1 e a P2
A36: A P1 e a P2 têm objetivos diferentes sobre a MESMA base: a P1 seleciona e segmenta os alvos e atribui uma 'Prioridade' de abordagem (necessidade + encaixe com a NetWiz + facilidade de abordar); a P2 mede a maturidade digital de cada empresa (0-100) e recomenda o bloqueio principal e o serviço. A P1 responde a 'quem contactar'; a P2 responde a 'quão maduro está e o que oferecer'.
A37: Por isso a 'Prioridade (maturidade)' da P2 e a 'Prioridade' da P1 correlacionam-se (maturidade baixa => prioridade alta) mas não têm de ser idênticas empresa a empresa: a P2 é puramente numérica e acrescenta uma leitura medível por cima do juízo qualitativo da P1. Ao nível dos totais e da direção, estão alinhadas.
